label,mfcc_1,mfcc_2,mfcc_3,mfcc_4,mfcc_5,mfcc_6,mfcc_7,mfcc_8,mfcc_9,mfcc_10,mfcc_11,mfcc_12,mfcc_13,mfcc_14,mfcc_15,mfcc_16,mfcc_17,mfcc_18,mfcc_19,mfcc_20
Cargo,-286.92514,124.01374,-11.276209,30.242435,-5.334522,22.85024,-12.605483,30.349459,-1.7891377,24.069979,-17.739286,11.409153,-9.275229,10.128813,-14.087153,2.6330307,-12.689443,-1.3808067,-4.0022607,3.4768102
Cargo,-447.78946,117.21169,2.3264725,33.915382,4.3425674,23.579414,-0.5782443,25.8676,4.0840487,24.032331,-1.1186737,13.261406,1.4259104,15.15285,4.577172,7.601467,6.086252,5.2710085,6.323691,5.341252
Cargo,-521.1684,100.834404,5.0016527,37.90185,8.9831295,23.797066,-2.5950103,20.54914,-3.0560024,10.444436,-6.62859,8.079487,0.596484,9.417057,0.50836974,5.296145,-0.13622607,3.0852675,0.33636618,4.6922507
Cargo,-490.90884,93.23875,2.811439,35.717117,-1.6199381,22.042536,-2.972431,19.355244,-5.4948463,14.479267,-7.310182,8.678066,-3.474498,9.36565,-0.9177081,5.59735,0.85830486,5.4093904,3.4467175,6.901574
Cargo,-370.19955,92.52584,-4.080137,34.55613,-10.531229,19.72674,0.7108162,27.58188,-7.7364645,20.176231,-18.8785,14.111681,-6.5481005,16.553772,-1.7929994,10.036027,-2.8516495,9.3299885,-3.364004,5.38117
Cargo,-439.39377,91.316284,-25.06944,10.938285,-16.149172,15.793063,-8.295025,24.87237,-8.305922,16.350563,-13.379845,8.866088,-6.459148,12.848862,-2.2681184,9.396531,0.5061519,3.3751776,-2.0152194,5.884062
Cargo,-420.86868,89.238495,-16.307268,15.047979,-15.791867,17.184404,-14.705624,33.726223,-10.6931715,23.690424,-10.593682,9.948703,-11.200845,18.602547,-4.959144,6.3574185,-1.0679791,5.50213,-4.3437843,4.816508
Cargo,-378.7747,99.15542,-26.189486,15.278288,-7.489344,13.2912445,-24.14925,20.42032,-14.475513,24.280064,-13.333622,9.253086,-9.567441,16.698692,-7.7266946,8.285777,-3.3689334,2.1764865,-6.637817,4.300645
Cargo,-529.6953,105.58081,3.7031255,21.990759,1.0462893,17.099224,-1.6354724,18.592695,-1.4751973,11.711451,-5.048982,8.483614,0.3318501,10.364962,2.790223,8.864576,3.7295117,7.2445602,5.2608523,8.430669
Cargo,-521.43665,94.14471,-1.6628969,26.246798,-5.184611,20.61594,3.6784096,27.133295,2.0529244,18.011623,1.5247134,17.118946,6.132375,16.463276,7.4090376,8.284359,4.2850523,7.280472,5.884901,6.8684845
Cargo,-517.72144,103.95815,-8.092586,32.16629,-2.2486165,19.687124,-1.4712689,18.001856,-1.3917692,12.389798,-1.0075872,12.214115,-0.10660979,10.617657,2.0476615,4.2840667,3.2824342,5.0728126,-0.009189728,5.2189226
Cargo,-454.5969,108.01843,1.0658336,30.150307,-2.2654092,27.086395,-7.3897243,20.242542,-2.7992969,16.36515,-7.134726,8.0520315,-4.1442018,9.644252,-1.0134993,4.108979,1.8852582,1.0148945,2.5597486,3.284089
Cargo,-463.21436,91.89392,-14.05526,21.592955,-7.071314,16.377232,-11.311196,21.251865,-5.6448565,18.429476,-10.219774,11.781443,-3.2914248,14.927376,-0.50527006,12.345102,-2.5858276,2.0360231,-2.5565982,5.04358
Cargo,-401.84415,97.152626,-25.232035,13.971609,-6.1763453,17.157024,-17.822815,25.231424,-7.9453645,21.271646,-12.014488,14.016647,-8.406641,13.716488,-6.886594,10.020289,0.27559146,4.0788455,-4.395662,5.503559
Cargo,-487.3225,84.95324,4.4028683,36.196327,-0.30532187,26.383907,-2.1938007,25.817743,0.3875441,21.82364,-4.368479,13.970849,-1.069542,15.240382,1.547413,11.980458,3.621684,8.67124,2.8374631,7.791461
Cargo,-351.75845,101.58109,-19.025272,21.500565,-11.211508,22.26867,-28.69944,20.383862,-16.947233,23.496382,-11.792084,12.613275,-10.892592,19.629768,-5.7755604,8.48503,-5.1746383,1.6297144,-6.8122773,4.916584
Cargo,-481.92883,82.41933,-5.049364,25.306482,-11.984912,18.498304,-6.903311,24.472029,-0.009006875,19.189028,-4.699978,19.76044,0.6129295,17.445932,1.2358544,11.213238,-1.7143526,7.0547376,-0.36919066,6.644439
Cargo,-454.01147,103.800606,-5.2300835,36.299515,-1.5527554,21.247276,-5.7351007,25.350855,0.013497944,18.139156,-8.146851,11.782235,-4.154171,12.29501,0.042723082,7.1742353,-2.175028,3.9801571,-0.16148227,7.474189
Cargo,-459.16797,121.84566,6.033255,37.133194,3.4505396,24.039244,-2.4172513,26.69375,3.4515703,26.275133,-2.6211615,13.084044,-1.3499587,15.36288,3.3893747,9.339425,4.2595315,4.5019855,3.403034,5.4514885
Cargo,-360.8634,110.69485,-26.960033,22.345762,-7.434969,24.725742,-17.72203,28.53783,-9.822752,21.217226,-12.553278,12.735353,-6.3302507,17.575634,-7.5191283,8.674421,-7.240983,-2.6936421,-11.208047,1.7351668
Cargo,-514.15485,87.97494,3.6197488,35.09782,-1.6869978,23.80334,3.43903,25.33259,0.22175832,19.939886,0.26408502,14.354372,2.70374,14.660324,5.810191,9.708224,5.5097504,7.658124,5.054898,6.5668144
Cargo,-467.0214,93.715034,-4.200848,33.91921,-4.4998064,21.967968,-5.4405437,22.573715,-0.761864,17.72868,-6.0187554,13.090804,-2.622303,14.675997,2.7761204,8.826751,0.45531806,9.220253,0.7778304,10.26457
Cargo,-391.06454,105.993004,-20.235035,21.431602,-4.2027564,22.129389,-18.243805,22.67242,-14.791717,20.976524,-12.052681,11.002621,-11.438137,12.622046,-10.265998,4.511877,-3.522375,2.6791065,-5.5402813,4.173863
Cargo,-478.05682,80.72939,-2.3869514,25.816044,-14.409858,19.248125,-4.1599917,24.644836,-2.6167216,22.209688,-12.514963,12.423145,-3.6145132,16.08088,5.7910175,12.236527,3.2973547,5.859755,1.3075281,5.014719
Cargo,-520.5189,106.86706,-0.7669897,33.369907,-2.0300107,17.394226,4.712751,25.731968,3.032666,15.186089,-0.5452044,13.472306,4.046406,15.992923,6.946617,9.299824,5.4354296,8.826513,6.4718285,9.489516
Cargo,-457.56476,83.35919,0.31725562,33.42306,-5.26539,21.311789,1.3103395,27.84804,-3.7796812,22.563866,-9.967423,12.110385,-3.324905,16.869072,0.4619669,8.0085745,-1.7279943,9.937954,1.51558,7.8924985
Cargo,-401.08508,112.53767,3.6813238,37.009666,-6.4658465,15.374373,-5.7939262,17.6652,-6.772692,16.89576,-18.536182,13.326214,-8.232654,17.696558,-0.6012656,11.880623,-3.591284,10.680855,-2.401037,9.683914
Cargo,-305.71744,125.386116,0.31206918,36.34366,-11.682613,25.404406,9.117855,27.724092,-3.4869788,19.186018,-2.6489224,8.325713,-6.187353,10.487592,2.168228,9.26434,-2.7050889,4.9509325,-0.86340123,3.621296
Cargo,-503.5263,92.76786,4.3224115,34.30518,-0.5319164,26.410173,1.424192,24.685415,0.8066809,21.637522,-1.4835156,12.45392,-0.27262497,13.669354,4.5757866,10.6746645,5.6016827,7.404535,4.0481615,6.484565
Cargo,-451.8852,114.030785,10.453482,39.674137,-3.5000706,22.297861,1.8047779,24.804169,1.8796455,17.279839,-8.254183,15.243196,-2.9121268,15.590885,1.4202049,10.405669,-0.99489516,8.025701,-1.0407137,7.9845033
Cargo,-465.49426,106.10521,-8.203671,16.84064,-5.8267403,12.261941,-8.935755,24.948706,-1.6617,15.443041,-8.619128,11.368868,-0.24885133,13.252117,-2.063285,10.625427,-1.8106371,5.723444,-0.9689665,2.4627256
Cargo,-437.82755,127.66941,11.366021,31.119112,-0.85812235,16.581894,-6.7696166,23.884579,-2.727696,17.700815,-8.701158,16.153225,-0.74911857,17.801266,-1.1340752,7.815944,-2.2408893,4.2048087,2.6763444,6.271708
Cargo,-458.93317,95.03259,-2.2797577,25.517828,2.0125575,25.966656,-1.4227737,25.059248,-0.5546464,25.066998,-0.33583957,12.064101,-2.0405667,16.908857,5.428155,13.077863,6.69621,9.788053,1.0405792,6.332388
Cargo,-471.747,110.1848,-16.312313,12.171317,-3.9527242,16.740137,-8.019218,22.892479,-0.7622532,17.832312,-6.918381,11.903748,-2.2330263,8.174189,-5.1134562,9.770017,-1.2086554,1.6988001,-4.6972666,0.9550606
Cargo,-448.68875,104.42605,-11.261425,14.896818,-7.7975225,18.785467,-14.380014,25.022324,-5.971568,24.97709,-9.425505,7.897005,-10.636808,10.915423,-9.048502,1.778527,-1.3720949,0.5356292,-2.6303027,2.725924
Cargo,-439.43317,127.39553,-10.330064,26.678032,-0.5993418,9.574416,-5.71475,21.15798,-2.1439004,14.4852,-11.437715,8.003744,-5.8833103,7.452151,-4.6725006,7.7993183,-2.727851,9.013371,0.13301526,7.4683013
Cargo,-529.5087,94.24644,1.5879351,26.70839,0.2288148,16.200216,-3.321967,21.918835,0.25579977,16.273186,-3.1819398,12.075067,0.69074994,13.552985,3.3656137,10.35656,1.788871,6.71604,3.355986,8.920351
Cargo,-437.02673,98.7171,-21.483267,25.585333,-14.316175,17.7013,-7.5230665,18.466396,-9.847667,16.299574,-17.22557,8.707255,-2.8025148,9.741871,-4.9230433,7.7743587,-2.0212953,3.4827018,1.6592058,5.0216894
Cargo,-495.2576,90.39337,14.512664,29.106663,-3.2641647,18.035124,-1.2114986,26.859434,0.41786394,18.565449,-7.6121078,11.855426,1.5870653,16.889519,0.5712835,10.06294,3.2769752,3.7672324,3.7024555,6.205736
Cargo,-239.28502,103.75055,3.5661263,38.16951,-6.2765775,27.709297,-15.742131,18.530886,-15.154001,24.613003,-5.5633683,14.54482,-9.275596,11.733778,-1.4142419,8.391818,-2.1520135,6.851726,-2.6392443,3.032893
Cargo,-397.0959,133.42326,3.5767121,41.138744,3.98554,18.587736,-3.512749,26.986053,-3.5356429,15.283749,-13.184695,10.134161,-4.473964,13.771572,-0.5131492,4.802136,-2.7140102,3.7323444,-1.914963,6.7096443
Cargo,-468.50146,135.93648,5.294143,29.188614,2.9387841,16.364508,1.8140966,19.724411,-4.2322593,12.992267,-6.4314537,10.786351,1.2237232,9.744047,-1.0891472,6.2979817,-1.5117201,8.074574,2.6851428,7.8482175
Cargo,-481.2375,110.14547,-2.872388,31.051788,1.0749028,19.428104,-4.9194064,21.045965,-2.1229224,16.11289,-6.91466,9.844978,-1.2695075,12.001332,-0.2875316,8.329195,-1.2344846,3.1635287,-0.45303804,3.1133957
Cargo,-426.89944,90.272675,-19.328403,16.588732,-13.477428,15.0894985,-14.079988,23.610006,-14.158605,20.941593,-12.8368025,8.602946,-8.591879,14.645397,-6.3559327,9.036462,3.140943,5.3031487,-1.2319146,4.5245433
Cargo,-478.62173,113.42144,4.6168613,32.151394,2.0624802,22.236523,-0.21173245,23.404972,0.37152773,15.315919,-8.588863,9.02185,-4.6213403,8.497756,-4.8118916,6.6223693,-3.7821105,5.9077945,1.6352025,8.072429
Cargo,-503.35007,90.14288,4.459444,28.22174,-2.2796977,21.889843,-7.8329763,22.952692,-3.10358,21.247496,-6.4980288,12.971821,-0.2379914,13.629289,1.2444584,10.840097,3.0342052,6.292697,3.813301,7.5792246
Cargo,-507.73685,123.01529,-4.0326376,14.727073,4.569277,7.420329,-11.11161,18.08505,-2.001244,13.844725,-4.8805823,9.090493,-2.4895408,10.752929,1.7503992,11.749917,1.6165384,7.4079695,2.521607,8.191674
Cargo,-505.75348,105.00712,-8.919281,29.923399,-10.808428,19.16427,3.5442693,19.982006,0.95639014,12.267418,-4.2901373,12.4923315,1.1294237,9.340291,1.5633961,7.352753,4.9050217,8.7532425,3.6415646,3.9600964
Cargo,-473.74774,95.227455,-7.904695,26.238255,-14.087647,17.836946,3.433674,20.609592,-7.851938,13.640766,-9.62153,16.100204,0.43952525,11.844302,1.6136901,10.820904,3.7307374,8.704977,3.1850264,8.304483
Cargo,-574.3458,108.1234,17.41712,31.187252,21.268381,12.77472,13.127319,14.567195,12.813443,11.515384,7.026397,7.3050494,8.037094,6.369646,6.8190894,6.6209626,4.2536426,1.5521238,1.6644678,2.5990477
Passengership,-435.26178,98.29498,24.735628,38.141907,-9.86751,20.25861,-12.13664,19.647326,-8.807996,21.052505,-6.831221,11.849027,-10.593976,5.8465943,-10.91561,0.3175393,-8.481414,4.47716,2.135797,16.27875
Passengership,-305.90164,124.59233,-7.592111,38.923813,-7.287549,22.746685,-14.002082,27.378408,-7.853033,19.789621,-16.63526,14.280573,-9.036645,12.133174,-8.737151,6.852943,-9.519854,5.255445,-4.723376,5.361501
Passengership,-410.3319,109.649956,-3.0184865,22.94043,-12.248821,22.706722,-2.1318533,21.169477,-1.7084696,8.362897,-12.470605,14.138426,-7.450866,15.054447,-4.026607,9.596709,-7.226209,13.777952,-1.5690401,7.4195
Passengership,-590.549,148.89351,35.26756,45.894875,23.611683,23.163137,10.030047,10.567977,6.003188,2.5111632,-2.1286235,5.006629,0.65349495,2.9031208,2.7601252,2.6998537,3.9616075,0.046658482,-1.7093408,-8.323963
Passengership,-517.05493,134.31287,11.862117,36.07968,7.630009,18.798428,0.9731358,23.704847,5.61146,12.158736,-5.3679276,7.4753256,1.1225003,7.259204,2.6953375,4.7177258,0.3524212,0.8010223,-0.4411203,2.4889019
Passengership,-421.40433,123.49549,5.5018845,31.442526,-12.234753,18.304298,-0.18206605,26.912016,-0.6691227,20.281916,-11.219773,17.5762,0.42688966,16.23917,2.573177,7.1509113,-1.3323082,8.304859,3.6456063,6.8593106
Passengership,-402.8909,125.31517,2.9673882,36.740734,-14.840364,13.437058,-10.02259,18.583435,-9.550433,12.427576,-10.347885,13.382061,-2.6309981,12.998055,2.2282379,11.617246,0.60848874,9.055196,-0.14620239,10.595095
Passengership,-432.97958,92.82258,-5.300931,30.288841,-2.3318014,27.369982,-10.4575205,29.874054,-3.8877141,13.590331,-4.4760046,15.443636,-2.0639212,18.86491,-3.366957,8.339342,-2.6230307,10.175565,0.69593,10.519706
Passengership,-382.40186,105.537796,-2.651037,30.732134,-10.163525,22.870249,-11.959253,22.220629,-17.355623,12.04068,-17.271152,13.541615,-4.225882,17.168816,-9.355403,5.549054,-6.147819,11.274666,-1.4020965,7.106618
Passengership,-488.86758,103.745476,0.63503253,25.155458,-11.686996,21.34357,-4.835472,16.838028,-1.2605472,17.402193,-6.997504,10.075049,-2.6429503,8.865374,-2.0838702,8.799012,2.4675453,7.1739893,0.72334975,3.0907354
Passengership,-372.7036,83.70754,-12.8138,20.945465,2.5726843,40.00738,-12.931234,26.808996,-10.241283,16.084475,-18.248001,12.25468,-7.7008085,17.411873,-8.793986,7.361713,-8.403282,10.87323,-3.9720306,12.459601
Passengership,-475.79538,92.84965,-4.4946895,32.717823,3.8258033,16.305592,-0.6171865,31.692104,-2.7917929,16.2351,-2.0009604,11.543877,-2.763749,18.569368,-0.6792491,8.87535,-1.7879573,9.051812,2.5129583,12.166739
Passengership,-406.77072,95.24812,-24.026403,25.974764,-11.430397,15.630035,-8.021332,24.310902,-1.1321857,16.83098,-8.049707,16.350864,-10.838102,15.660602,-5.9313517,12.343672,2.0961523,9.583699,-3.3106015,5.5302587
Passengership,-483.72134,97.27894,3.8944886,31.87519,-1.859593,20.084038,-3.551212,23.735388,-6.30551,12.924539,-4.4588656,11.408453,-1.8274379,14.302239,-0.25968537,6.5238967,-0.53741264,7.977181,1.8627862,10.639808
Passengership,-467.46133,109.8821,-5.291333,30.687729,-11.57648,21.024723,-7.62723,18.695179,9.549351,18.531277,-4.5169725,13.486534,-6.630195,10.479536,4.1339474,9.599549,3.4154584,13.199233,5.888999,5.1996226
Passengership,-451.8032,108.62452,-5.6423335,20.611773,-18.232632,21.555305,14.16683,32.16773,-7.6095867,19.727083,-2.6290038,18.00958,1.6762749,21.775776,2.0197642,8.961564,2.017884,12.909608,-2.958026,11.690663
Passengership,-465.0231,115.92812,-5.354607,26.016233,-7.1033096,22.876833,-5.7973657,25.814066,-1.1474879,13.694275,-1.9910983,15.523075,0.99023235,13.20091,4.674338,7.0931773,0.3466409,6.4095144,3.757486,7.4680834
Passengership,-472.37115,102.222626,0.4553343,35.22678,0.15991426,13.223726,-14.23648,21.207403,-0.47137442,11.955609,-6.4469934,13.611874,-7.4343543,9.541164,-3.0487442,10.829364,1.1567974,8.160366,2.4635355,0.6493992
Passengership,-446.8033,99.38073,6.3662467,39.250565,-6.587099,18.532183,-2.4807687,24.910557,-5.517164,15.858991,-11.196034,16.059507,-3.6023917,13.836304,1.4924881,8.208249,-0.90071064,8.753192,5.034538,10.208936
Passengership,-398.4662,117.56475,-12.586912,21.863626,-22.30929,12.220242,-1.2720847,36.637894,-0.18344173,16.445621,-10.694117,15.375803,1.0451698,13.148233,-8.900884,6.2723656,-2.6713946,7.969365,2.3898666,9.887956
Passengership,-263.65906,76.88856,-4.0867457,39.59476,-6.463573,30.320717,-22.612782,27.2125,-17.093714,26.914274,-13.089275,22.125475,-11.395698,20.083202,-11.082704,11.643305,-5.7888927,12.233478,-7.3617606,7.473515
Passengership,-407.42682,120.778305,-16.551167,31.632704,-9.603155,21.10247,-5.0548553,18.58902,-5.461632,15.125496,-7.1344647,13.754556,-2.4294672,11.995103,0.79757434,9.272797,-0.9577965,6.7376637,1.9694343,7.555335
Passengership,-480.28058,121.86792,-9.179241,20.292398,0.7025256,20.757187,0.6945509,18.094814,-6.060527,5.7881966,-5.137902,13.903124,-7.57243,12.110488,-1.2312969,5.6086183,1.583138,7.5771127,4.5935407,3.1067836
Passengership,-339.40887,120.54063,2.2315993,39.758915,-6.8716946,26.54271,-10.286033,18.289091,-12.625597,16.803772,-8.268143,14.080121,-7.7749,11.659352,-2.0400567,9.994688,-2.4781563,5.807749,-0.9678458,5.063134
Passengership,-425.3562,138.43936,3.5456638,29.267254,2.2671804,25.39678,-3.569719,20.113508,-5.1204243,11.402698,-13.327952,7.4930296,-0.013684807,11.817415,1.0214376,9.728966,6.335881,7.491965,4.502295,4.5553875
Passengership,-427.45496,114.77808,6.9109216,38.42144,-9.105752,15.687921,-14.159446,20.44871,-3.7870946,15.8540535,-13.74286,8.575617,-4.3869925,16.824469,-1.7830119,8.978244,-1.922882,7.0442796,-1.4258952,10.249661
Passengership,-456.92346,119.36869,-2.9437318,30.396072,-11.225809,9.043115,-8.10592,19.003496,1.4382846,15.05046,-6.7433076,9.202831,-4.3058286,4.5544367,-3.2067387,4.3007655,-2.9664445,1.6870933,-2.2449632,1.5351841
Passengership,-415.19107,104.174965,-16.958391,35.38527,-12.750671,20.737295,2.6626675,34.87165,-4.1684904,12.035983,-14.44499,15.838417,0.90625906,10.460099,-3.558346,4.8327265,-1.8980119,6.378008,0.06877745,6.8050494
Passengership,-399.6613,119.08511,-2.7615898,29.390158,-19.262442,11.891898,-12.834626,16.996723,-15.801396,26.484957,-3.6637402,12.999241,-7.8326087,8.131553,-5.897454,8.264195,-6.7210913,5.2433295,2.449321,9.508534
Passengership,-443.96774,107.162704,-0.37984627,23.928572,-14.998681,11.258855,1.7394618,24.42352,-4.898822,12.145362,-12.590006,20.15935,-5.861825,17.816145,-5.5150013,7.696435,3.5654166,10.678192,2.183766,12.256466
Passengership,-409.8991,115.67482,-13.264571,31.982668,-7.3358407,21.370049,-14.2315,21.946695,-3.693758,10.241819,-2.0089772,10.098006,-7.590369,11.25851,1.7860535,5.201773,-1.1060874,4.652095,-0.10640523,5.501039
Passengership,-554.3346,95.2911,1.8259673,21.683552,-5.7345695,20.131102,2.575606,17.228636,-4.7738357,8.618564,-3.7152505,8.069072,-2.25865,4.5001154,0.60923177,4.839849,4.357361,4.9174995,4.4225245,4.5173345
Passengership,-411.73273,127.28223,4.813765,23.905064,-12.927838,9.899595,-7.342486,16.530056,-2.7685976,7.234075,-10.490207,6.1754107,-0.094615,13.321372,2.1286092,9.792565,1.9798511,6.1442647,5.0721354,7.096049
Passengership,-575.9718,102.68971,6.2985344,23.656664,-3.7545466,14.846251,0.7726679,17.906584,-1.6556925,8.087687,-2.809037,10.652995,4.885706,9.952023,2.2005286,4.0943336,2.6261902,5.68278,5.539828,7.2505198
Passengership,-486.4194,112.92795,-3.1696236,26.530247,0.6362056,26.221949,-3.3301952,15.077963,-0.26941854,18.740492,-2.8708935,17.34293,-6.015218,9.594658,1.7175086,7.291005,0.4164409,6.876864,8.019451,5.828443
Passengership,-444.44775,90.275314,-25.939445,21.712029,-16.116192,13.406296,0.018059248,28.724728,-4.599189,6.7420487,-9.148781,15.028466,-1.4385437,12.005549,-0.65825844,5.486901,-5.32554,9.580001,5.2617927,6.8499675
Passengership,-431.86407,93.95425,-10.942318,34.16346,-1.4399712,18.466984,-8.494566,30.94968,-5.5218625,14.763705,-8.819044,19.550919,2.4753416,18.699547,-5.0814595,13.392782,-2.0646057,8.243036,2.7669115,7.949612
Passengership,-460.29404,103.721214,-8.898241,28.39295,-10.811757,23.294788,-3.3940399,27.576403,2.8919148,17.499208,1.3031768,16.990377,3.0359023,14.568343,4.883859,6.903395,1.9460416,7.3915524,4.2618313,7.4303346
Passengership,-497.2448,114.46218,-3.3022382,33.013767,3.9999392,22.953724,-2.2020888,21.733223,0.03802594,15.045126,-6.0771556,14.292812,2.836114,12.2603445,5.172895,11.054661,4.2687945,6.1494555,5.9352627,6.8509502
Passengership,-476.001,93.40992,1.5293506,31.555573,-9.400439,27.842684,-11.425002,31.563997,2.1292288,14.959347,-4.6091385,18.539604,-0.61447126,14.549559,5.427532,6.126465,-1.4913534,4.996868,3.3494172,5.671984
Passengership,-320.86188,105.80605,4.184266,47.93527,-7.226621,19.414106,-15.888329,24.947065,-17.696371,9.728588,-20.781048,15.207721,-7.971312,12.959824,-5.34494,16.201668,-4.8727164,10.048363,-4.0136247,15.555282
Passengership,-468.52838,111.60207,-12.642212,20.96639,-9.937635,24.939339,1.8983555,27.12536,2.7516427,10.410259,-5.2111783,13.826501,-1.4008437,14.043524,1.7359341,5.196007,0.9130451,5.7891684,2.0485036,5.2755094
Passengership,-433.72955,102.13018,2.9452322,32.754574,-10.820169,13.874388,-10.3662195,27.740908,-0.6862675,26.0716,-6.513522,17.206608,4.081904,20.932571,-0.09864719,15.567451,2.7531197,10.72037,-1.4444023,8.664296
Passengership,-338.93857,96.79649,-8.19167,35.293793,-21.475082,27.039583,-12.735485,13.362621,-22.724434,24.262144,-18.614105,18.556028,-8.360282,18.698278,-5.368375,5.3719172,0.34243342,6.3564816,0.8795598,5.8230495
Passengership,-410.3319,109.649956,-3.0184865,22.94043,-12.248821,22.706722,-2.1318533,21.169477,-1.7084696,8.362897,-12.470605,14.138426,-7.450866,15.054447,-4.026607,9.596709,-7.226209,13.777952,-1.5690401,7.4195
Passengership,-514.0034,115.94769,7.1525154,30.552294,-2.9303412,18.85422,3.0632606,23.160072,0.10955566,12.430845,-3.054159,12.387162,2.348878,10.441473,1.4803647,5.9645433,0.5404765,4.839037,4.2634883,9.38006
Passengership,-453.20755,134.58086,22.971275,32.907272,-12.973205,13.971953,-12.479301,23.959452,-7.419293,16.261028,-11.394073,9.347918,-4.6551127,13.905655,-2.1886778,0.75288326,3.0783198,4.9541297,6.656527,5.9193807
Passengership,-338.84305,101.90608,-0.5858966,37.585663,-11.70506,23.516071,-10.527379,31.921741,-4.5600348,19.682323,-13.326056,18.932295,-9.564351,14.697161,-5.400307,10.906282,-4.7593603,9.582453,-5.1920767,10.017149
Passengership,-418.09036,102.85135,-2.287711,33.099007,-9.197003,22.990602,-2.4486377,26.506721,-3.3462548,16.426226,-4.876555,14.4287615,-4.629615,16.773928,-1.6303821,8.506975,1.3122388,8.436056,1.9289073,8.276937
Passengership,-378.92416,115.57572,-2.8998446,26.4219,-18.213802,8.95984,-11.751208,30.684454,-6.525811,11.110307,-16.247,14.780769,-3.0474544,15.864822,-6.150366,9.895597,-4.919621,11.17222,-1.10087,7.947695
Passengership,-441.96152,105.17415,-7.3469815,39.03722,-1.5859675,29.428965,-7.6555223,19.457027,-7.0923643,2.5014477,-12.771517,8.5036745,-2.509091,14.543211,4.0403237,9.798202,1.473898,11.45072,4.5048223,8.474937
Passengership,-436.717,88.28597,-5.0623446,31.105164,-16.377203,14.82973,-9.730763,29.946774,3.9927573,26.477999,-13.265943,5.6182256,-12.60631,11.503096,-4.5314693,11.24288,1.0690047,10.256373,2.2184052,3.6757536
Passengership,-424.0228,101.66748,-3.0424402,28.327883,-8.473209,14.715001,-17.048384,10.838917,-15.752615,18.937838,-3.855377,15.531343,-0.760872,14.490545,-6.460822,11.14469,1.7268888,6.2115865,1.00911,5.331076
Passengership,-468.15253,127.40915,-7.9371977,21.613028,-25.890417,10.8285,4.7871265,24.660398,0.23904432,11.060362,-11.858776,7.3431406,-3.8569808,5.741721,1.4258395,0.41400665,0.97357744,2.34272,1.2143317,4.732652
Passengership,-370.96735,118.77862,-0.9887298,36.441166,-0.17149796,23.968817,-13.369832,12.774739,-15.521624,14.37673,-19.756296,18.160221,-6.7798715,10.149631,-4.6814394,12.29842,-8.379594,10.67666,-6.3431215,8.399793
Passengership,-538.5157,97.03605,12.023342,35.18632,1.5283762,22.570633,-0.8585753,13.2965765,-4.9673295,10.933171,-2.359758,8.866135,2.5793815,9.801478,4.763362,5.8866725,2.74403,2.0327888,1.6938616,2.1840944
Passengership,-451.29016,143.57867,5.6887937,22.30795,-15.984489,13.069246,-4.5569563,31.884146,4.043616,8.10702,-18.81554,2.053022,-1.5757973,14.306547,2.4877923,9.856869,0.53069174,-1.2474747,-2.723441,5.683822
Passengership,-544.30756,126.35343,-11.19756,30.598656,11.759337,10.210067,1.149608,9.547639,-9.1659975,2.2386103,-4.632868,7.4799175,4.8989697,9.863767,4.774743,4.400679,3.2216103,2.9917946,2.351826,2.8662972
Passengership,-426.99847,81.45137,-19.520023,26.493147,2.1278136,29.369045,-4.6350384,26.098955,-6.973427,22.659336,-4.0424457,13.572625,-3.0056462,19.755249,-4.3052278,9.901529,0.9143556,10.670567,0.9498051,15.706891
Passengership,-355.59583,100.82413,-1.2794046,28.108255,-20.751375,11.329997,-15.871745,32.543385,-7.4864793,28.065207,-11.438847,14.99058,-5.9804068,21.667267,-5.4723125,13.358734,-1.5454979,11.636453,0.05735897,8.45722
Passengership,-440.5735,95.10083,-5.733968,30.908058,-14.912426,21.342733,-5.9014506,18.993279,-1.9253696,16.35796,-3.444899,20.644527,-6.36801,17.08141,0.99132776,5.257903,-1.68883,8.493343,3.536917,7.2216716
Passengership,-428.70544,73.95519,-15.022644,33.25747,-7.8505664,20.717926,-11.877884,24.027687,-6.9401274,23.439957,-7.893246,16.270624,-4.678142,14.736181,-7.42706,12.732863,-1.2881919,9.331259,-1.2409014,7.255411
Passengership,-408.79028,109.89168,-0.015601315,31.539774,-4.587843,16.518358,-14.407799,23.296642,-11.933291,18.137838,-16.065926,16.558739,-1.497177,16.528904,-0.9171405,11.800199,-3.0162778,7.482734,-2.5282793,6.344197
Passengership,-427.31317,112.402626,0.66598594,29.319479,-11.423854,22.844906,-0.19571419,29.437992,-10.335562,15.615675,-10.656807,18.511559,2.503835,12.678067,-4.1832676,13.173728,4.3065248,9.393968,2.7530465,6.8044567
Passengership,-435.96436,101.066864,8.068275,34.377274,-7.078981,16.830406,-5.549428,25.196075,-9.34991,12.11112,-10.96413,19.04212,-6.0274053,17.74487,-2.589947,13.288595,-0.03197611,9.658009,2.0918126,9.536437
Passengership,-558.41003,118.14029,3.9481459,40.3255,11.092076,23.147875,8.247722,19.983078,4.681781,7.9255743,-2.1603832,11.090611,6.417062,9.215305,4.135942,3.434851,1.16748,2.5093794,3.8780177,1.5157671
Passengership,-372.80316,91.275764,-12.746614,20.527273,-16.582243,33.622463,-7.307284,28.066717,-8.79333,17.136034,-3.2372062,15.24137,-7.3946834,18.39608,-4.902644,7.611933,-4.0177445,8.49336,-3.4939766,12.150218
Passengership,-467.8477,111.08073,-9.333079,28.860312,-3.4594288,25.845354,-5.407421,22.393373,3.4478679,16.130175,-6.4067874,13.375405,-1.3048412,10.943538,-0.9492738,8.462977,1.1255093,9.113695,7.865905,6.5975866
Passengership,-467.97214,90.993034,-15.653941,31.726807,-9.833813,22.420685,-0.2812116,23.086462,3.6091473,15.724939,-17.296642,12.666789,1.4030881,19.789679,1.0451541,9.366813,1.3396014,10.955056,3.423136,8.764263
Passengership,-493.40085,68.22871,1.8394905,22.88516,-6.8011603,24.860712,-14.538238,22.076838,-0.22534482,18.87084,-5.7765102,14.790592,-6.23212,12.978319,-5.7530217,13.728052,0.2041232,11.928761,3.2081819,9.308716
Passengership,-497.4964,103.2776,-0.85497683,38.662457,-1.0343199,24.886505,-3.7683203,22.294424,1.399582,12.300763,-3.4911022,11.849359,-1.6114562,12.86394,3.2160254,5.3038106,0.5394299,6.5694265,1.6746913,4.817332
Passengership,-421.80585,106.72069,-14.040782,40.538063,-5.162309,23.754818,-10.620517,19.483334,0.42804426,18.184666,-1.9408454,19.620165,1.272064,17.509798,0.7977758,9.403995,-3.149088,7.8986864,2.1486506,7.5188336
Passengership,-336.9779,87.366135,-1.868897,35.235584,-6.9553027,27.531578,-13.948444,29.810682,-12.338384,22.403465,-15.521667,19.925135,-5.473958,22.505844,-5.16516,12.530331,-2.8071811,10.1352825,-0.03473698,11.036599
Passengership,-558.0111,102.928856,-16.79445,10.847059,5.4490867,16.051619,-5.66523,11.733277,-1.6508156,15.868578,0.9702182,16.812248,4.8917265,10.839485,2.7671409,8.041672,3.0728283,3.9219682,4.3440237,3.477678
Passengership,-423.5862,71.10259,-10.65019,46.125957,0.16799133,23.429413,-15.682488,16.468613,-4.367163,25.409452,-7.1242113,13.375361,2.3796217,10.762866,-3.863144,11.7202015,4.730656,9.725651,3.2390656,5.8327856
Passengership,-299.80484,62.84584,-13.195969,35.024395,-4.8842826,33.190376,-19.656775,33.84198,-14.082789,33.856346,-11.975486,17.557455,-13.676987,16.549412,-15.174611,10.764685,-4.839474,10.943175,-6.063676,6.4536
Passengership,-318.0274,137.44998,3.189728,40.758667,-9.816758,29.324436,-17.956821,26.04154,-8.020673,15.974251,-13.880557,8.671098,-8.201804,11.663242,-8.646335,5.8316827,-3.8130054,1.1834106,-2.842733,5.878351
Passengership,-318.0274,137.44998,3.189728,40.758667,-9.816758,29.324436,-17.956821,26.04154,-8.020673,15.974251,-13.880557,8.671098,-8.201804,11.663242,-8.646335,5.8316827,-3.8130054,1.1834106,-2.842733,5.878351
Passengership,-414.3257,121.51559,-22.220095,21.633644,-21.149208,25.84873,0.1428386,19.910814,-5.923784,10.123242,-6.677578,16.24217,-6.753876,9.265457,2.7204092,3.2281303,-2.613195,6.2952795,3.6652923,4.9031744
Passengership,-500.95532,121.03378,0.64540327,29.481861,5.034868,10.548762,-7.285586,18.365396,4.1231713,14.778409,-12.056521,10.189375,-0.18968223,9.30716,-2.8131006,10.183426,2.190139,4.5408115,0.06968754,5.701021
Passengership,-422.79834,118.24188,-11.399383,31.976007,-11.795136,23.272081,-14.422953,17.921818,-3.0707002,13.446092,-9.15226,12.721113,-5.5212502,10.724633,-4.342031,7.120074,-1.7419424,3.4171731,1.2117409,7.2045965
Passengership,-363.14792,110.185814,-3.061607,29.147451,-6.7839417,16.860441,-18.497314,23.552784,-14.019606,15.744969,-19.201448,11.021158,-8.427458,14.744736,-3.4487455,15.195907,-0.13175915,13.774201,5.722547,14.081563
Passengership,-502.34888,112.64972,5.418748,26.125303,-6.5503945,13.830535,-2.0173573,18.252815,-4.830508,15.866163,-8.054283,10.561158,-3.2425046,8.936916,2.0063689,7.9316645,4.3252096,3.707417,3.1882489,4.225157
Passengership,-486.69656,131.78177,-14.970238,13.668637,-7.5589476,9.1206665,2.2922218,14.68861,-7.5239997,1.6730491,-12.567232,8.445695,-2.233493,6.5920067,-4.946011,0.74944293,-3.1034791,4.531463,1.4386187,7.795764
Passengership,-411.0054,109.04772,5.0360703,32.53274,-11.456496,17.179583,-8.152019,21.065104,-14.455305,10.601768,-16.055399,13.203532,-3.7414823,12.665392,-2.337196,9.415957,-2.5169327,8.829509,-3.5617404,9.057481
Passengership,-456.92346,119.36869,-2.9437318,30.396072,-11.225809,9.043115,-8.10592,19.003496,1.4382846,15.05046,-6.7433076,9.202831,-4.3058286,4.5544367,-3.2067387,4.3007655,-2.9664445,1.6870933,-2.2449632,1.5351841
Passengership,-366.49155,104.69273,-4.281498,40.846565,-17.008497,19.31668,-6.3340826,20.323198,-20.380518,8.8553705,-16.306023,15.628608,1.9117435,16.791267,-0.2690368,17.443981,1.1492867,13.266227,0.8767486,14.845016
Passengership,-422.59207,97.7294,1.1438539,32.462936,-8.929402,26.123102,-13.234193,21.719679,-5.634377,11.467742,-11.20139,15.96003,-4.0804224,19.765087,1.6826545,11.049142,-0.084966436,9.6591015,2.4332747,8.471662
Passengership,-344.59094,101.395096,0.3159207,34.37316,-7.7675247,23.968096,-10.842816,30.848377,-6.809962,17.66072,-13.006444,23.075272,-8.750436,14.557382,-5.7916117,8.999805,-4.4027333,15.849849,-4.9671993,9.791875
Passengership,-461.43793,111.78646,-12.791017,25.015888,-4.375525,16.400826,-3.7854836,24.36336,1.8012086,14.739345,-11.088924,16.6316,1.8971483,14.398318,1.9045835,11.971966,-0.49310297,7.428813,-1.062375,5.039464
Cargo,-511.78214,107.61161,-2.1464932,25.099247,-0.8163783,10.35833,8.547173,18.52497,-0.95435077,14.443566,-2.79644,13.984787,-0.27839088,11.427439,2.1510825,7.9713397,-0.30613887,6.204643,2.4603186,6.9493284
Cargo,-509.17105,103.41591,7.9141884,34.725964,-4.2024894,21.411205,0.44228593,23.622255,2.2358778,19.881197,-1.2424674,11.895645,0.89821845,12.846398,3.3816164,7.258032,3.371008,5.271127,3.1552649,5.582106
Cargo,-538.96497,80.05082,-0.5541947,34.5164,-7.9944124,29.375317,-0.20761593,25.012718,7.022639,19.314266,0.5873758,13.346161,5.4070244,13.962766,3.906519,10.55153,5.765617,9.104099,8.008056,7.5307164
Cargo,-456.6314,94.00203,0.27413687,34.24291,-13.310299,16.983732,-10.835438,13.726967,-9.124579,13.712838,-11.574896,15.824005,1.4408535,20.4106,4.9844737,13.427243,1.1407275,5.077354,-4.0735674,3.1202826
Cargo,-501.186,81.70738,20.616709,36.79032,1.5440358,30.996681,0.94724584,29.353575,-4.868699,22.924671,-8.819936,13.860984,-0.44736058,16.321718,5.2423944,14.366253,8.2206955,9.516056,5.637046,5.1468353
Cargo,-383.73615,111.831375,15.059988,41.374687,7.085724,35.222946,2.3114707,28.936155,-2.0245733,22.703144,-8.867589,9.981918,-3.8948107,13.922945,1.7754896,9.443924,5.593955,5.787024,3.2942417,3.7573488
Cargo,-410.4349,104.957855,-19.844337,20.154898,-5.106197,20.043268,-17.608583,22.691202,-9.411518,19.979336,-13.000499,7.821798,-13.327101,10.986363,-5.740343,7.172855,0.7995267,2.8496766,-4.6661677,2.5428693
Cargo,-474.3878,121.56416,5.1978593,36.78449,-6.3520064,27.760103,-1.8722947,19.492102,-4.382575,21.272297,-5.7425246,10.504177,-3.9671068,11.359522,0.05504241,-0.6958461,0.7242114,-1.1230303,1.5580641,0.59720635
Cargo,-470.568,119.79193,6.183468,34.689064,-6.6992393,24.446442,-6.344626,24.726696,1.5491333,14.563148,-5.8309503,13.305382,-2.6091344,12.47559,0.46310425,5.153784,-2.9006214,1.5063047,-0.8130108,2.7737894
Cargo,-469.69843,99.84471,2.8970501,34.58989,-7.227662,17.652836,-7.5995865,20.820045,-2.6361725,13.502952,-6.2841215,12.630995,-0.3228873,15.5710535,3.9343739,12.668733,2.2219152,12.959609,1.0239027,12.483846
Cargo,-529.82544,110.626785,8.605568,31.455889,-0.45802802,15.751306,-4.6750336,18.488913,-0.26251334,13.996475,-4.497928,7.6572046,0.8810084,10.226056,3.6827004,8.180022,5.8001895,4.705455,3.4903512,4.5735583
Cargo,-531.4305,106.36627,8.351393,45.735832,10.812429,29.546799,2.908732,19.966715,1.1872822,13.4964,-0.48960188,6.250351,0.6261504,8.315744,3.0320387,6.716281,4.405691,1.959993,2.533342,1.1492351
Cargo,-452.0789,102.20036,5.8528266,36.430733,-1.6959251,24.954466,1.4289014,23.353125,-4.8743124,17.792974,-12.62414,14.890711,-4.14999,11.405337,-1.6592274,8.129081,-1.919607,6.8360896,-0.93262416,8.01888
Cargo,-423.10922,126.66789,4.716958,38.51231,10.811562,26.862144,1.5534217,25.803692,2.4732618,20.5863,-3.7345867,14.431167,0.040080488,13.256975,2.0270064,8.318056,-1.1017121,2.4954915,0.040507328,3.0723963
Cargo,-562.82623,153.68948,45.8603,38.891575,7.5808167,14.344567,-0.061637424,9.632868,-4.032166,5.912605,-6.0686436,1.936183,0.9490849,6.119124,3.4006326,3.0356355,7.0766363,4.56606,6.788845,5.455526
Cargo,-344.18176,126.46004,-1.829708,38.08275,-4.231064,26.222607,-0.15253565,19.847586,-7.295491,15.268913,-1.5436375,14.734228,-1.3628844,11.119217,1.6933038,9.418032,1.4590236,6.926083,0.7015381,7.211807
Cargo,-525.2483,114.45621,10.153583,30.342522,5.4800363,15.5500345,-1.2604382,19.46435,-0.43876427,13.138449,-2.3286366,9.141673,0.5558954,11.673925,2.050858,7.7529025,1.9296274,3.2798295,1.3008938,3.5084205
Cargo,-460.6847,115.2193,12.6973715,33.557915,-2.548411,16.882465,-4.454149,28.722336,2.9611354,12.942154,-14.250308,10.547426,-7.284247,10.830967,-0.690659,7.00739,-6.658809,9.731571,-3.0460863,7.7297807
Cargo,-478.3433,170.74443,19.451414,36.75627,10.495664,13.830588,3.3521783,24.433224,4.571926,11.246402,-4.4187713,6.927999,-1.0297948,6.700739,2.346338,4.749056,0.5754829,1.2728407,-2.5084805,-0.43522808
Cargo,-401.43738,159.16777,4.096341,33.96013,4.829488,17.297556,-2.0904787,22.5825,-1.4319384,13.564398,-13.190263,9.7984915,-6.416309,11.200817,2.1195831,7.1777096,-7.3066826,4.326145,-3.070694,6.380668
Cargo,-458.98523,81.57584,1.0533352,33.98045,-4.1378183,27.999151,-9.556461,24.77627,-5.144035,23.086067,-8.328677,12.039601,-3.6293418,14.406618,-0.61500937,12.074763,1.9722294,7.9251795,2.042566,7.5668163
Cargo,-336.0499,119.83031,-28.258368,31.608496,-15.378904,30.441221,-12.01941,15.456532,-13.732993,23.210964,-17.228548,9.834692,-14.232644,12.057856,-9.273083,0.68496734,-6.860666,-5.715845,-10.939703,-4.206441
Cargo,-532.1138,99.94228,-6.1631255,27.625174,0.21253464,15.155696,-1.8179706,18.002924,0.24373809,15.091262,-4.7864604,10.226513,2.1783845,12.774084,3.0854871,10.244846,2.613055,6.843109,4.531989,7.181301
Cargo,-463.50012,103.95539,-7.82481,22.237188,-11.725222,14.952636,-6.864342,20.682943,-5.3614483,12.355223,-11.302827,3.539191,-3.5102284,12.569818,4.725283,12.315213,4.927254,4.744576,-0.35660407,3.0568478
Cargo,-490.424,117.86902,3.0621428,34.23737,-1.5508549,17.756933,-6.11471,21.854698,1.6440517,14.181342,-5.0542865,12.602775,1.9376289,12.453331,2.7765005,10.37063,0.33144587,6.7163234,3.001058,6.4515867
Cargo,-533.9963,99.62666,-3.4272585,29.158634,-1.2078669,19.588547,1.1860207,21.080637,2.4881537,17.641869,-0.3816106,11.267778,2.788502,12.648452,5.9694157,7.76475,4.3569865,4.9507732,4.574476,5.6885705
Cargo,-482.86942,122.268005,2.757483,37.852726,3.8552947,24.317774,1.7617695,20.546722,1.924473,20.926702,-2.4963756,8.748068,2.543809,10.944403,5.009003,8.964631,7.8472896,4.553571,7.0158587,3.6170454
Cargo,-372.3762,124.676605,14.325183,37.67953,12.473424,27.258104,-0.0043433704,24.464273,5.123586,24.234377,-1.864156,14.187814,4.93659,14.305185,4.135201,10.026177,4.9500422,1.8179302,2.5878906,0.7056239
Cargo,-489.9113,143.87004,11.925403,32.552113,2.9758272,16.225012,2.6697137,12.10608,0.065408245,8.38908,-1.3680029,5.1617327,-0.8820548,6.4215794,3.3534439,3.250632,1.707593,-0.6140358,-2.852577,-0.9440187
Cargo,-503.90323,99.84978,12.530013,25.059456,7.857145,15.042617,5.3540416,18.325361,2.958896,15.846081,-0.9510995,8.807264,-1.2089328,11.298683,-0.51730084,7.1075587,-0.340562,2.9900787,0.06098063,4.177979
Cargo,-466.9023,109.936646,-4.3889923,33.328957,-0.25785872,22.72222,3.4634123,26.519012,0.35638934,14.048779,-5.7526383,11.127645,-0.37119317,13.731989,-0.28663,6.129184,-3.4749494,5.2901764,3.0494227,7.682485
Cargo,-487.23175,112.57438,-1.2477771,28.783598,-4.7049885,14.015485,-3.129706,21.609608,-1.312164,17.581892,-4.036839,13.436338,-0.8916708,15.012103,-2.0709624,7.5977345,-0.15569903,6.6447287,2.3639586,6.653924
Cargo,-463.11014,121.22178,1.5174435,28.774155,-1.3334209,19.357777,-0.8005274,24.766006,4.4394226,18.827147,-10.32249,6.71095,-1.8658503,9.841116,0.5719617,9.636294,4.320056,2.9709551,4.8179116,2.16856
Cargo,-473.16235,88.50983,-4.2478805,31.307617,-10.720183,20.261494,2.570396,24.554974,2.050282,20.791533,-12.1566105,13.555674,-6.0500565,17.010798,-1.076122,12.26312,3.0911252,12.482701,1.9391172,7.5002384
Cargo,-414.179,124.0027,2.8982632,33.193035,-5.478344,18.58448,-8.226399,26.926182,-4.898919,17.248083,-15.266524,9.839328,-7.481521,16.276928,1.7421241,8.369281,-3.6516728,2.3406248,-5.3943877,1.9096587
Cargo,-459.1429,136.44243,15.138526,33.254322,11.7980175,22.396322,3.8457296,19.183918,6.9463964,20.23413,-3.5083313,14.101846,0.94971937,11.616197,4.533806,10.179235,-0.5464123,8.906544,-0.21269806,8.943999
Cargo,-466.0116,114.53971,-16.209513,23.634161,1.8793615,17.568264,-8.143791,21.123426,-2.1397898,13.915178,-10.80594,7.674885,-3.289226,8.264632,-5.2978945,5.021197,-5.4298887,0.37578943,-2.6975157,1.9549716
Cargo,-545.1918,111.902695,7.5864477,27.207092,4.587548,14.664815,4.715646,17.066683,2.9762325,9.083236,-1.5717778,1.714934,3.8161912,6.5531588,6.2775483,6.820667,6.0044837,1.6065338,5.07099,2.2587292
Cargo,-438.64383,118.497185,-1.5659952,32.022774,-14.177872,19.657558,-2.6016161,25.772205,-2.127836,9.13618,-11.573923,9.384171,-5.622642,12.931584,2.6506522,12.433132,1.4205887,3.9442325,-1.343414,3.0462878
Cargo,-533.35376,98.552956,1.982058,22.19913,-2.0667512,19.199629,0.24594273,18.443663,-3.7207906,13.901923,-4.6983624,10.6667795,1.4987792,12.454234,2.7085977,8.377459,2.944413,6.4918265,4.384597,7.954294
Cargo,-478.11688,109.10966,-4.5454516,31.365875,1.1606711,22.092096,-1.8005347,22.882496,0.28333062,17.004595,-6.708924,9.723131,-0.008901909,11.373332,0.19348222,6.5701118,-0.06528777,1.9481248,0.20457798,3.7035651
Cargo,-529.9352,108.24569,5.2638884,27.58135,-1.156389,15.222415,-4.924093,20.335096,2.8621638,13.209021,-3.7575526,10.6529875,3.5373456,12.889657,3.536322,8.64782,1.6626189,6.7965965,4.4923472,7.0352464
Cargo,-340.23392,124.06708,6.5601306,35.251766,3.6994793,24.26976,-7.186035,26.912497,-5.975579,24.265059,-3.3165224,13.140214,-1.9285599,18.353554,5.441794,11.5818405,5.6499257,5.3752418,-0.06434524,3.9416723
Cargo,-487.5126,100.36927,-23.882103,1.8451133,-16.898514,12.318495,-13.031163,22.340084,-2.6800652,20.013098,-7.062506,9.454784,-7.4113493,10.238653,0.86384434,6.417236,1.0484351,4.3927917,2.8655174,6.118385
Cargo,-444.05005,97.34785,-16.130512,22.236097,-0.5013013,16.01377,-11.521828,16.792654,-7.529984,13.836372,-11.609385,8.212649,-7.1151323,8.195178,-4.98787,9.992771,-1.3179601,5.7495756,-2.072212,3.831876
Cargo,-445.46695,129.43745,3.3310714,34.605927,-4.279722,14.076555,-2.3199635,26.521355,0.19298042,12.435767,-6.7939234,13.980936,-0.33200613,12.901128,0.51391584,7.3843055,0.27400798,5.0431457,-0.58677185,4.207142
Cargo,-538.3638,120.38368,11.076664,31.498407,0.44843194,14.077486,1.3297809,17.333012,1.9488297,10.293906,-4.228721,9.887966,-0.3424831,10.858999,3.984876,7.050521,0.5931984,2.2717712,0.6186554,1.1234318
Passengership,-541.26,85.930855,-2.7236395,29.861088,-4.3579535,16.00114,-5.621934,18.353062,-0.06999044,18.710705,-0.091998234,11.475434,-2.1187115,7.164323,-1.5981046,3.6515641,2.239607,4.2459297,2.3809645,3.0536227
Passengership,-343.33527,57.88386,-2.1367207,37.997818,-8.388138,30.155651,-5.7773952,23.877474,-6.158636,15.101808,-26.022165,18.228146,-13.29559,12.885235,-7.560478,13.309699,-4.6042953,16.629,-7.3403673,15.121477
Passengership,-433.07318,91.0614,-4.5203032,43.229702,-14.531801,21.906515,-10.347926,18.196457,-6.9847174,25.360966,-4.968973,16.81108,-5.168463,13.538088,2.4876704,13.886796,2.8413134,11.235035,4.3462343,4.894533
Passengership,-343.33527,57.88386,-2.1367207,37.997818,-8.388138,30.155651,-5.7773952,23.877474,-6.158636,15.101808,-26.022165,18.228146,-13.29559,12.885235,-7.560478,13.309699,-4.6042953,16.629,-7.3403673,15.121477
Passengership,-544.0244,91.06675,-5.510954,20.056585,-5.441024,10.69823,-13.315334,13.055552,-5.5079184,13.107118,-9.990922,6.951806,-5.6511035,6.83595,-1.2532537,8.552119,8.14752,9.4707,4.4801717,5.2386737
Passengership,-551.914,120.395226,7.3539586,23.445854,-4.292545,7.429969,-3.6038013,13.838413,-4.539553,6.787002,-3.690058,8.593726,-0.34396863,9.06783,1.7890692,7.6121683,4.6245785,7.8966174,5.403631,7.061916
Passengership,-366.23276,137.12683,7.4708476,31.557932,-5.7983265,20.083725,-8.295204,22.686335,-9.203478,17.081629,-13.628781,12.188091,-13.031593,6.083315,-13.152164,5.141865,-8.311283,8.220146,-6.4344783,3.296203
Passengership,-266.09174,70.70718,-4.3255467,37.18325,-13.567227,38.006508,-4.605931,39.458607,-11.754733,26.128773,-15.988181,18.523478,-9.20913,15.973367,-6.988709,6.136041,-5.2531877,6.949881,-3.5965571,2.3889477
Passengership,-411.85275,115.33112,-16.722181,27.548803,-9.282406,16.017529,-7.925696,26.355335,-3.3618424,13.280601,-4.9411526,14.231799,-7.0371428,15.483919,1.0208657,10.905236,1.5704505,4.3008504,-7.856462,3.485236
Passengership,-506.00906,123.89904,-0.61296606,27.716824,-0.0907624,20.79003,-4.9795213,10.943922,-5.0196347,17.701292,-0.23212452,8.6037035,-3.317682,6.745406,-0.4505526,6.4066477,2.3734727,3.5157313,6.6611953,9.443258
Passengership,-438.82117,121.80421,6.4970975,33.543064,-9.111162,13.872845,-0.67109627,24.45379,1.8645821,15.012141,-9.574502,13.537553,-5.3572063,13.445582,-2.35357,10.539724,-8.08526,4.034668,-2.9417644,9.476605
Passengership,-422.99835,99.389404,-19.168688,27.218645,-1.5332853,25.028997,-7.113682,20.340206,-11.568353,14.437862,-11.931664,19.299435,-3.5586443,12.680732,-0.9927369,6.3132124,-3.481073,7.011488,0.19819202,6.787192
Passengership,-429.6485,87.34347,-12.903373,24.518824,-16.40794,17.534037,-14.107355,22.564657,-3.9312935,18.263462,-9.526451,12.567916,-5.4324245,13.816495,-3.6159396,9.761826,-3.3703415,5.384448,-2.484861,5.6347065
Passengership,-501.41013,150.97957,4.39341,31.974688,10.32031,14.073767,-8.189652,6.8608985,-0.22017804,14.40346,-1.9281147,4.68775,-1.828409,4.4001045,-1.5715172,-0.06127588,3.0525024,1.8683317,3.851526,0.96570957
Passengership,-266.04492,95.085594,3.950442,43.090057,-12.02661,25.547495,-17.740675,23.265692,-15.614288,24.123348,-3.8549821,17.530743,-5.59384,12.430535,2.877024,10.869945,4.396588,7.9053297,0.7286938,3.9714866
Passengership,-519.9299,98.19994,-0.4163233,28.784359,-3.7448976,15.8575945,-4.1814604,20.78914,0.43640962,19.372713,0.7535443,15.29766,2.1262689,13.180462,1.3925376,6.862456,2.2563534,6.449069,4.3647704,8.319767
Passengership,-523.1153,106.99562,9.970545,30.86175,-0.2031382,13.318792,-7.0062947,7.089595,-11.997577,6.79994,-6.5268927,3.2831,-3.4396684,5.1217484,-0.028546494,3.7490723,3.5020878,4.582856,5.5514474,7.8216677
Passengership,-422.98938,95.59104,-16.560522,40.76297,-13.005868,19.469769,-7.3315086,24.256292,-4.7385345,23.55215,-3.3001995,12.350967,-5.4030867,7.2898993,-0.8900916,1.6205858,1.9383862,3.2590609,-0.14572957,-2.16
Passengership,-497.9049,85.895935,-48.227467,15.147148,-9.902828,15.968851,-7.0314946,16.921427,0.24019507,12.945153,-3.1661751,12.563148,3.915455,9.162585,3.3276482,13.679181,7.3420897,7.4240336,2.8175526,8.410875
Passengership,-530.13434,119.343605,14.467882,26.186737,-1.951837,10.107168,-8.515723,19.102955,5.905569,17.758379,-6.1952577,9.588245,-4.6387677,8.458249,0.57961416,6.9689364,3.3958807,7.8584757,3.282388,5.1452518
Passengership,-484.2134,88.236824,-5.7201295,31.51289,-6.012968,22.419462,-6.688579,19.76134,-3.434299,18.495272,-8.891373,8.556253,-4.588664,11.29279,1.3536437,8.665441,2.8856647,6.805606,3.271215,6.3782754
Passengership,-497.3677,115.200455,-7.091327,20.138943,-10.09451,12.73011,4.152611,32.473022,6.359493,14.050454,-10.950839,3.9089754,-2.6632338,7.1074734,-0.6192082,5.848866,2.5415182,1.538841,4.0150414,2.9127333
Passengership,-437.54108,121.32678,12.62699,42.46894,-0.977427,21.133757,-10.309833,16.091204,-6.3896756,20.449493,-2.3882124,15.712548,-2.997236,12.13631,-5.9390264,7.396581,-4.5755596,3.85783,-2.6893635,2.9194326
Passengership,-472.77246,100.21918,2.8264215,28.202242,-8.863324,14.4086075,-13.838494,19.20373,-5.878351,15.153503,-13.339955,4.907965,-4.7553887,12.776319,-0.69213915,15.768767,7.609793,13.558552,5.8457866,9.438229
Passengership,-460.31155,75.21709,-10.706142,34.621574,-16.500475,17.072527,-17.247253,26.602066,-2.2819946,24.420937,-6.988321,10.680712,-11.352641,11.273381,0.0019544915,12.61503,4.13232,7.1472597,2.761837,2.4004455
Passengership,-555.1999,129.64404,-14.452523,19.166441,3.7770834,14.519354,7.623106,20.894623,5.799774,11.365146,4.308284,10.431831,4.457126,5.461781,4.372334,4.275532,2.4263413,-0.3252129,2.0060232,2.872388
Passengership,-432.62442,136.88412,0.34725133,30.738218,-6.9585905,14.031991,-13.520338,9.54066,-9.283341,17.36401,-9.707021,8.796341,-6.8411818,6.7393026,-9.807598,3.1147003,-5.1549225,-1.0830163,-3.6450627,4.464211
Passengership,-566.32007,101.730194,-1.8146181,23.176914,1.0133609,15.6474085,5.9193826,23.111132,4.265674,19.199808,-2.9915483,7.2581406,-5.799157,3.3208122,4.6158648,7.477862,5.1639447,5.9762044,3.4800289,2.7968872
Passengership,-409.94205,96.275024,-15.309824,12.31817,-22.085945,14.106532,2.1687787,27.528307,-5.7004857,11.605448,-7.8860674,23.346987,-10.779151,18.171417,-8.02052,9.530068,-1.1059676,11.2066765,-3.4393747,6.9129896
Passengership,-464.55984,89.56737,2.9471686,30.814009,0.04078785,22.32392,-9.16948,22.403454,-8.858616,17.864555,-9.03824,10.863844,-6.26098,12.90501,-2.1378427,10.812688,0.3798713,7.205505,0.535894,6.838216
Passengership,-541.26013,119.09215,10.3945875,31.4138,1.8810011,17.694487,-1.8243746,14.071444,-0.04467897,17.585106,-2.109308,8.523741,6.4029703,13.170091,2.744126,5.534845,1.7325807,1.2895663,0.52926916,-0.21740445
Passengership,-513.17566,112.18245,9.887081,40.638157,4.225031,18.598766,-2.2742865,21.69768,-0.8226367,15.455655,-6.187777,7.6968718,-2.3162727,6.7434626,-1.3317999,2.7395082,0.59692407,2.6757922,2.1844392,2.823316
Passengership,-551.3687,126.36819,36.31201,43.135643,13.165551,19.25264,-3.1111543,9.924576,-5.9973702,10.568934,-2.4087224,8.884121,-0.73427624,7.783737,-0.21398324,4.1263165,1.8553458,1.5584952,-3.733571,-4.527956
Passengership,-545.8096,100.88023,3.4126544,27.343546,-8.139638,13.381772,-0.92145634,10.512442,-3.1260962,12.877849,-1.7760512,11.650172,2.5331976,11.2908945,2.2407234,6.4233265,1.3441195,6.2476525,2.6384473,5.3670416
Passengership,-311.04288,73.075645,2.4136202,40.349,-9.345784,24.234451,-23.324791,25.124676,-12.588324,21.19959,-12.40276,12.264992,-8.940648,12.702604,-3.6251047,6.279085,2.4168956,9.692629,-0.23519018,5.1310825
Cargo,-490.1376,101.17407,-3.4180474,35.211117,-3.6413097,24.072899,-5.2697673,24.512468,3.4250164,16.95684,-3.8926926,10.944519,-2.077636,13.534319,0.19020663,9.885511,2.8136187,6.9230204,5.6495924,6.804396
Cargo,-466.13257,103.68725,-21.055298,20.10636,-6.29259,16.66382,-11.001383,17.882902,-6.6074843,13.529447,-10.4807415,10.251112,-4.9845176,10.318216,-2.8959944,10.3269415,-1.2196641,2.5346186,-3.8578174,3.229069
Cargo,-454.61862,107.98954,1.3747697,34.733967,-8.887483,26.921202,-6.4229827,29.006758,-4.1710997,23.378515,-7.2224593,8.824196,-5.240962,12.851087,2.7535083,8.549429,5.883439,2.016424,-3.6291387,-2.6131475
Cargo,-491.16837,109.11512,14.439093,34.91534,3.3582325,24.395714,4.1246915,29.703077,5.319979,15.400384,-2.0004427,12.457039,-1.8763005,12.958176,1.516957,11.934501,-2.0267236,6.740198,-1.9873506,6.4286976
Cargo,-447.55878,102.93932,-19.603292,32.26437,-1.5427716,22.91669,-8.276334,20.949032,-2.140787,16.419214,-9.15136,13.578155,0.3663595,10.781679,-2.6544275,7.991292,-1.8410091,2.7613215,0.8030586,5.03596
Cargo,-373.76077,94.716415,-26.056938,25.421747,-8.455272,15.924815,-19.123241,23.375336,-17.407072,23.714668,-12.399071,11.608332,-10.089138,14.407159,-8.174858,8.165682,-5.2372236,2.9335089,-6.984031,7.734294
Cargo,-511.69525,91.90669,-0.027283106,35.154236,-1.5614291,23.701797,-6.0510354,21.163292,-1.0683806,17.839739,-4.170404,8.821284,0.24043778,11.932354,3.9137568,9.233961,2.7111998,4.4001355,3.3017778,3.9599512
Cargo,-616.71,113.26143,6.658998,16.232225,1.968201,9.0635,2.3726575,15.330555,4.8913283,10.469932,1.187225,6.2827344,5.163196,8.438767,8.233157,6.4606147,7.3835173,2.6121879,6.2187486,7.0717335
Cargo,-553.0859,96.13778,12.207671,33.473648,-0.5777191,20.053171,-1.8050749,16.674864,-3.099333,14.237883,-3.8200793,7.1276264,0.21309185,9.979518,2.898708,7.654738,5.1113954,5.041683,5.3420334,5.427729
Cargo,-539.0213,117.79108,0.7574188,34.74422,-3.324429,14.268173,8.517142,17.824419,1.8925781,11.454501,-4.5346518,8.953829,1.266964,13.758778,5.040189,9.943257,3.7852895,5.7623644,4.6702924,5.4002376
Cargo,-382.36047,82.66896,-21.795195,21.36192,-22.78036,30.226154,-24.728107,20.538425,-9.864801,24.012943,-15.655502,10.164498,-12.97665,12.828402,-6.3016825,5.116169,-1.5206101,4.8310995,-3.6088321,4.765869
Cargo,-496.09235,106.50627,0.85712445,36.292194,-2.2514317,19.118378,-0.11654712,22.758045,0.41607344,16.405756,-4.163073,10.122728,-0.1057828,11.511531,1.7493072,9.673818,2.9842517,8.24855,2.37871,4.63279
Passengership,-380.67636,125.39635,-10.9236765,27.337309,-14.005644,6.286128,-19.476538,15.391281,-13.007825,16.376984,-5.469742,15.960232,-7.4398046,5.954142,-6.1292477,8.769959,-1.813214,10.048135,-7.3085914,6.8035765
Passengership,-360.66345,105.77356,3.310978,39.398613,-4.8590665,19.157171,-14.0826,21.907883,-13.059787,19.38275,-15.737076,15.303111,-6.915889,13.674446,-7.3261213,13.812921,-4.8464227,9.777597,-2.9603548,7.0170574
Passengership,-540.2703,79.787636,-0.1807781,22.938019,0.040274743,18.374063,0.21701686,21.403868,-0.3064854,15.601831,-5.17702,8.587853,-2.5988748,9.018305,7.007093,12.081065,6.5609965,9.833874,2.931511,4.920809
Passengership,-570.19745,108.66088,34.094513,39.281475,6.2126718,13.538814,0.9631413,7.4047866,-5.1307287,3.2244203,-2.2365613,4.0286074,3.7888792,5.836382,4.8639297,2.606562,6.374968,4.332164,6.051797,3.9999146
Passengership,-504.40796,95.518425,-0.3440041,25.607973,-6.9696746,19.470549,-12.88361,19.809917,-0.0043410114,17.109253,-5.925373,7.184439,-4.0246663,13.423864,0.66747785,8.536771,3.5832303,5.140802,2.665155,6.7920785
Passengership,-460.47372,58.566315,-33.192917,35.52004,-7.0476995,17.04417,-6.8124957,24.148012,-11.146157,17.05238,-6.751072,16.64643,-6.944979,12.435445,1.2648394,10.495188,1.6036308,9.718878,0.0064893775,9.198615
Passengership,-560.831,96.02004,-4.9325213,29.657347,1.7014428,15.107496,-1.4887749,20.038774,1.1690216,10.592747,-4.0003805,8.658864,3.8051915,12.592295,5.991921,6.658483,2.3745508,6.4739127,6.2040787,7.4080253
Passengership,-560.8718,84.6514,5.400737,23.749256,-3.4188828,21.213312,-5.2322774,18.973423,-1.5341396,13.434616,-7.399768,5.279949,-0.09548346,9.334843,2.444196,3.8978784,3.930593,3.8306892,4.7907367,5.5468636
Passengership,-460.04385,91.55582,3.4735284,30.536314,-5.449752,23.500322,-13.3375845,22.975252,-5.686816,14.2927065,-10.068908,10.938137,-6.377586,10.529517,-2.503691,8.56503,-4.55319,5.008722,-0.15771766,5.826922
Passengership,-437.30957,104.85608,-4.6425624,32.879402,-6.8060904,30.603666,-3.6691246,25.229486,1.278635,18.606682,-7.796201,13.01901,0.6747481,14.685795,-1.4302464,9.925074,0.6335778,7.998625,3.2432954,5.665046
Passengership,-399.96002,106.772644,-15.688385,21.590593,-12.590443,34.33355,-23.342957,14.122142,-7.3091555,15.226186,-14.896491,11.183698,-1.1275859,13.564116,-2.6749804,10.330536,-0.62344474,4.828327,1.3855749,6.0432663
Passengership,-394.6896,120.994,-16.340511,31.256168,-11.038127,14.290794,-11.833386,22.388216,-8.72437,17.389807,-13.970586,10.106763,-8.088781,8.307201,-5.246152,7.9379416,-3.4482555,6.5785933,0.031883985,5.89305
Passengership,-468.58817,99.72003,8.288238,37.480377,-10.926219,21.0301,0.8610833,22.406666,-3.9749143,17.425766,-14.902702,8.374126,-7.7145,15.284597,-0.35556456,11.666502,0.1536073,5.785329,0.023954656,6.7107487
Passengership,-359.21188,99.83529,-7.5267773,33.60461,-16.614353,22.848095,-9.285872,21.93971,-12.537666,25.597763,-20.742498,14.531291,-5.0617456,17.115005,-2.745,10.588667,0.28575847,8.357364,1.45709,9.140128
Passengership,-215.75237,106.751305,8.309734,41.19393,-15.568055,20.865576,-23.780886,23.729641,-18.200142,19.507704,-24.003578,14.588711,-13.186476,19.080948,-7.3312488,15.802767,-5.8212304,5.8973765,-7.2423234,8.702506
Passengership,-398.45068,114.00614,-6.320387,34.158142,-10.320528,23.306551,-11.870501,25.64663,-11.27173,16.971876,-12.547794,15.550081,-0.7503576,21.43134,1.2811602,12.921852,1.3772027,3.6705568,-1.4467362,4.7762084
Passengership,-301.43112,133.41055,-14.617038,22.44602,-9.304211,18.589457,-15.171601,26.067675,-2.8077083,23.22778,-18.059406,10.825635,-14.261571,10.484296,-11.589935,7.4198523,-11.351311,5.66083,-5.6943283,5.170484
Passengership,-412.1451,104.5125,-3.8906915,31.042774,-20.232607,19.311533,-6.3516855,21.771688,-8.085318,20.440601,-14.6226015,8.323987,-10.612577,8.343981,-1.6916566,11.102399,-2.9536486,1.6986225,-2.3636806,1.187765
Passengership,-603.10583,153.01865,20.699646,34.81399,22.296282,16.451475,13.521428,13.902666,7.7150865,5.011831,-0.6608773,2.2701988,6.2719364,5.363144,6.2973757,1.4885141,1.6822977,0.097292446,0.7823152,2.0482242
Passengership,-215.75237,106.751305,8.309734,41.19393,-15.568055,20.865576,-23.780886,23.729641,-18.200142,19.507704,-24.003578,14.588711,-13.186476,19.080948,-7.3312488,15.802767,-5.8212304,5.8973765,-7.2423234,8.702506
Passengership,-484.98843,105.03079,-8.31724,28.284832,-4.9446883,19.806501,-7.112281,14.8311615,-12.655246,8.22337,-10.585638,9.931107,-0.46565062,11.677266,0.056839477,5.384656,0.41850638,5.111828,1.0512725,2.9142313
Passengership,-535.46533,74.88933,-3.852299,30.154697,-9.386743,19.690142,3.4708893,25.047554,-2.1734033,17.562805,-1.5208352,9.955985,1.289217,13.505741,4.0058656,6.904079,5.411797,7.000512,5.537779,7.548549
Passengership,-589.3923,88.678375,6.6914835,19.663322,-0.5904605,13.919713,3.3412623,16.071571,8.895437,9.808414,-0.8872661,5.7613482,5.6256685,10.52892,9.831384,10.391205,8.207119,6.770669,4.810814,8.076327
Passengership,-408.99594,97.474754,-11.287686,11.0075,-10.852112,28.181358,-17.424437,25.642565,-7.983817,20.404776,-9.272204,20.162363,-3.4325922,17.627956,-3.004303,12.000053,-0.49220863,8.046293,4.0733495,7.9461703
Passengership,-360.59897,102.63088,-4.671127,31.157751,-16.145971,13.585573,-7.1654897,30.476263,-9.735556,21.338148,-14.672431,13.647577,-1.1803348,18.115938,-1.537599,16.215034,-5.908866,16.322647,1.0373089,4.7807264
Passengership,-486.86057,113.67684,0.20403071,28.849314,-15.535135,11.785292,-8.03342,19.515562,1.9850008,15.322355,-5.7144513,8.487815,-7.667214,1.2710922,-4.8652864,5.7737117,3.912623,5.763078,0.7572055,3.2791615
Passengership,-417.72665,113.22038,-12.978086,31.526352,-11.500061,8.9687395,-15.689394,9.261518,-8.976306,20.311457,4.2556596,18.531765,-3.8203108,-1.5097214,-5.9058437,8.459195,2.8257518,6.3699827,-3.6794133,6.7321544
Passengership,-477.7562,119.41961,-0.8138365,29.148924,-7.7737765,14.238768,-3.2846584,12.871763,1.2149271,18.253021,-6.232874,11.668756,-4.400436,12.832195,-1.8265781,7.7806287,-0.6192941,8.545538,-2.5063741,4.9694963
Passengership,-421.38474,88.899734,4.2460523,40.276844,-8.820452,22.897738,-6.4384723,17.280437,-4.2041874,17.975046,-10.969887,13.72169,-6.956797,12.053288,-5.9260464,12.035211,-0.5442562,10.315855,-1.6202439,6.8557415
Passengership,-526.181,138.61559,16.152092,33.38587,-2.95276,7.631409,-2.0545852,17.800505,-0.23832802,11.405419,-2.930067,10.324171,1.7116691,12.031881,4.4424486,6.972752,2.1880782,4.496759,5.944745,8.93298
Passengership,-485.87985,131.01257,-11.31155,19.616663,-16.744812,10.460861,-2.662428,12.388923,-5.5907636,5.0131755,-10.7331705,5.6499085,-5.756508,4.3453135,-4.2812715,-2.2393932,1.5141115,3.5061784,2.4832,4.1762614
Passengership,-624.34424,154.64012,25.786577,30.383188,30.81859,12.569119,13.729652,10.3142605,1.6919202,-0.4778936,-5.177322,-1.5685567,0.93028814,2.2591035,5.643087,3.6072989,1.9696311,3.0691767,3.6523209,1.7428614
Passengership,-385.31406,129.93346,0.21565926,33.469124,-10.1591215,12.864514,-15.247778,22.508865,-5.8903584,14.130544,-14.656871,9.150732,-13.535061,5.8790236,-6.3646483,10.975236,0.26228368,9.488117,-0.05414186,4.833117
Passengership,-437.8762,107.93364,1.0781398,31.333038,-4.582946,16.153074,-5.0501747,24.368433,-6.3233714,13.313151,-12.655068,12.451817,-4.5523396,17.103973,-2.7868636,8.449824,-2.0216894,8.1522255,1.1537949,8.951567
Passengership,-467.77036,128.42642,8.944567,25.30987,-2.3423526,23.746113,-17.372545,16.487032,-7.0689416,10.21374,-8.969382,16.0424,-2.1579838,9.898154,-0.7851523,7.58692,2.241348,4.425821,3.3750281,6.386528
Passengership,-518.41,92.48231,-20.125008,27.289728,-3.4347255,17.126541,-10.137793,15.627051,-1.5978856,13.832583,0.3418598,14.272037,5.6425486,13.845621,4.7181025,8.23469,1.9675025,4.9926033,3.700658,7.6993947
Passengership,-457.69736,60.901943,-0.67548037,37.63501,-3.6870477,43.366787,-13.673974,26.815233,-1.6787331,16.023205,-17.102089,9.729026,-2.833315,13.565005,-0.5757698,12.244018,3.3234646,10.289388,7.3264923,9.860341
Passengership,-410.59042,93.1507,-8.293387,34.043484,-12.149392,16.297546,-10.598679,23.31063,-11.559674,13.703818,-16.121634,8.130911,-9.859423,14.692975,-2.7048125,10.431766,-3.3947036,7.0701966,-5.481761,8.705865
Passengership,-476.75174,77.748024,5.7916994,24.32805,-15.049426,24.533972,-12.634926,24.767805,-9.544633,20.369612,-11.373015,11.230499,-5.7518835,16.13887,-0.64606994,10.549788,1.3589786,7.5496545,1.6265016,6.239643
Passengership,-467.29214,94.31554,-23.090864,30.910156,-7.417905,1.6273628,-9.370531,21.254747,-3.897933,12.054492,-18.478315,9.427557,-3.6698475,6.404665,-0.11795792,12.225449,0.3210034,17.312294,9.923249,3.3474047
Passengership,-431.22275,107.29748,-1.9122695,27.877949,-10.890493,15.47543,-2.6822388,28.030369,-3.6250224,21.187296,-10.639673,12.164102,-5.6900516,12.952255,-1.5144587,6.6954646,-1.1227615,5.254419,2.5025861,2.9768717
Passengership,-390.81998,108.573524,-5.4409165,32.914192,-14.040604,14.908091,-8.969411,21.47916,-7.97883,27.394278,-10.450472,14.644437,-4.7142763,14.295464,1.789619,13.82851,0.082301594,14.242743,-2.3734584,5.683865
Passengership,-541.033,114.75317,-8.932638,14.147128,-12.227305,8.299306,-2.3690717,18.22856,3.87433,11.257608,-5.9791718,10.809843,5.2706494,10.990807,8.95113,7.956559,7.4167595,8.093517,9.098922,9.464155
Passengership,-535.85876,99.822464,-2.6025305,21.885344,0.42480102,23.359173,-2.8863428,19.813782,-1.031767,14.747697,-7.8885503,7.4719443,1.9914553,14.302608,3.0692227,7.8569627,0.7212473,2.1272013,2.3343782,5.9736724
Passengership,-379.4303,105.01611,-0.5783933,27.926815,-10.181084,16.842693,-10.745647,26.453152,-7.9547777,17.103025,-10.14244,15.812974,-6.8630853,16.194622,-5.0386987,8.077829,-2.7219927,12.299824,-1.1900263,10.597028
Passengership,-463.24722,95.54875,1.1734809,21.346458,-5.5030837,25.837587,-14.884947,24.461388,-7.264349,20.176023,-7.0738807,13.569847,-4.22347,13.8241205,-0.8397379,11.01229,1.1308994,6.59871,0.5181376,4.438185
Passengership,-467.29214,94.31554,-23.090864,30.910156,-7.417905,1.6273628,-9.370531,21.254747,-3.897933,12.054492,-18.478315,9.427557,-3.6698475,6.404665,-0.11795792,12.225449,0.3210034,17.312294,9.923249,3.3474047
Passengership,-394.54956,155.91208,3.5897322,24.036476,0.70658183,22.762348,-8.816396,15.548272,-9.366088,14.948263,-9.001922,11.552083,-10.076184,10.214219,-5.354451,8.69075,-0.043625202,5.1182256,0.07872452,9.325545
Passengership,-390.7201,109.047424,-2.5457747,35.154358,-8.830223,22.549244,-6.637326,19.733704,-5.0665474,16.025646,-10.765781,16.335398,-4.8945155,16.879665,1.5011574,8.801439,1.7722113,10.665177,4.188147,8.501168
Passengership,-435.06595,107.85517,1.9301867,36.06463,-3.3197405,15.279267,-12.369365,20.515966,-14.3459015,11.214003,-11.319146,17.05431,-7.4587984,13.453748,-0.5354162,13.418925,5.404162,5.666366,-0.3629933,6.8768396
Passengership,-439.02554,101.632866,5.0160623,22.51114,-7.3448305,16.713682,-22.731926,27.581633,-5.126478,11.315337,-17.16876,12.1513195,-2.495318,20.175846,-3.6689584,6.3548265,-2.35512,7.459205,-1.1293057,6.97063
Passengership,-479.3424,131.05167,-8.127682,21.295317,-10.030234,14.727576,-3.9431424,16.679132,1.847195,16.34439,-1.8472409,10.1490555,2.4127538,10.631301,-0.031176342,5.8872914,-1.3501854,5.2312555,2.7717786,4.5226474
Passengership,-435.96216,104.22843,-11.54012,30.846527,-9.274026,20.848352,-15.617473,17.570309,-8.072224,5.169044,-17.655317,5.8608136,-8.893838,12.516203,-1.9583482,11.000506,-0.27604187,8.893865,5.485388,7.7216454
Passengership,-366.2947,94.72748,0.2555672,32.47132,-11.448977,20.908546,-12.213675,28.967968,-9.670765,20.309263,-8.2837515,17.612175,-4.6884923,20.98535,-6.571668,14.283325,-6.1995835,10.025605,0.7254385,8.830945
Passengership,-433.27518,116.009995,-5.245849,39.62115,3.919059,21.259398,-9.522504,20.015018,-4.250478,15.304679,-13.152933,10.816513,-1.2420844,14.4894495,-0.28128058,11.9421625,0.5490228,10.518848,2.2586923,-0.7403849
Passengership,-503.78607,101.36463,8.141683,28.427326,-7.1691194,21.286896,-4.122421,20.529268,-1.3705987,18.555576,-3.0522373,13.397303,1.0095167,13.651971,4.3969746,10.004142,3.8794012,6.9863405,2.736102,6.119987
Passengership,-570.9186,108.583405,6.408483,18.561365,3.5104678,7.810939,-0.77290744,5.7889204,1.6602923,5.720853,-0.46427235,6.345055,6.86077,10.39003,3.2627442,6.5558877,7.688281,4.5160723,5.851444,3.810968
Passengership,-474.10428,131.18967,-4.664284,21.801058,-10.2861805,9.570667,-13.056755,13.38326,-9.480773,8.000002,-9.720844,7.8116417,-6.0775423,8.43759,-3.6083965,2.6506355,-2.0804725,0.798055,0.9745469,5.215226
Passengership,-401.15228,119.53182,1.5739306,39.946114,-10.5686655,19.427256,-8.3953905,18.829016,-17.798788,5.025617,-15.685267,15.494961,1.8257843,15.726794,4.56724,11.048317,2.1117625,12.105735,-0.35439867,13.318245
Passengership,-409.8459,110.80021,-15.200778,30.927778,-22.65945,21.051237,-13.779145,20.40196,3.5671716,24.521147,-16.73425,2.28092,-7.3775725,13.533586,-5.7142005,0.7928571,4.737515,7.5122104,0.2060314,0.5047366
Passengership,-442.3717,122.65559,4.295251,32.669678,-4.1999545,20.690563,-11.620711,12.953428,-8.780193,16.36828,1.1671518,11.373078,-5.730298,9.036245,3.1770654,7.5552382,0.052534677,5.1436696,2.6235478,6.227621
Passengership,-338.2159,108.00413,7.0175138,39.598324,-7.399845,20.018307,-8.287131,29.488016,-10.696253,18.03411,-17.376698,12.964107,-11.499238,13.565656,-8.814719,9.345751,-9.369311,10.389881,-2.0203154,9.025391
Passengership,-436.28137,103.413216,-6.920883,31.063639,-5.5451183,17.668901,-7.275222,11.244322,-2.6516957,20.746004,-7.2998796,16.127926,-6.6162143,14.749099,-3.3020046,14.012489,-0.1903896,15.405713,-1.520229,6.390717
Passengership,-470.39865,119.93336,11.473828,29.292505,-1.1381823,28.339458,0.2621351,25.502932,-5.877403,22.507107,-3.251139,9.643206,-2.449086,13.349034,2.4324844,2.8229163,4.9455123,6.009748,3.212365,4.2261953
Passengership,-493.87378,78.31893,-2.6678913,26.785042,-9.103986,20.200308,-6.1141524,22.065273,-2.405424,18.262016,-6.631016,10.374244,0.4418536,14.89244,1.6347722,9.891058,2.914489,8.004851,4.7596955,8.809759
Passengership,-369.154,114.69955,6.603633,33.75908,-11.658474,13.140048,-15.31809,27.608618,-9.211141,16.543224,-8.381022,14.992286,-7.419264,21.06982,-3.2588463,17.190983,-6.712143,12.460533,0.24005465,8.954322
